name,team,position,points,rebounds,assists,championships_won,mvp_won,finals_mvp_won,all_star,all_nba,hof_year
Kareem AbdulJabbar,Milwaukee Bucks (1969-1975)Los Angeles Lakers (1975-1989),C,38387,17440,5660,"(1971, 1980, 1982, 1985, 1987, 1988)","(1971, 1972, 1974, 1976, 1977, 1980)","(1971, 1985)",19,15,1995
Ray Allen,Milwaukee Bucks (1996-2003)Seattle SuperSonics (2003-2007)Boston Celtics (2007-2012)Miami Heat (2012-2014),G,24505,5272,4361,"(2008, 2013)",,,10,2,2018
Giannis Antetokounmpo,Milwaukee Bucks (2013-2021),F,12319,5371,2632,2021,"(2019, 2020)",2021,5,5,TBD
Carmelo Anthony,Denver Nuggets (2003-2011)New York Knicks (2011-2017)Oklahoma City Thunder (2017-2018)Houston Rockets (2018-2019)Portland Trail Blazers (2019-2021),F,27370,7520,3354,,,,10,6,TBD
Nate Archibald,Cincinnati Royals / Kansas CityOmaha / Kansas City Kings (1970-1976)New York Nets (1976-1977)Boston Celtics (1978-1983)Milwaukee Bucks (1983-1984),G,16481,2046,6476,1981,,,6,5,1991
Paul Arizin,"Philadelphia Warriors (1950-1952, 1954-1962)",F,16266,6129,1665,1956,,,10,4,1978
Charles Barkley,Philadelphia 76ers (1984-1992)Phoenix Suns (1992-1996)Houston Rockets (1996-2000),F,23757,12546,4215,,1993,,11,11,2006
Rick Barry,"San Francisco / Golden State Warriors (1965-1967, 1972-1978)Houston Rockets (1978-1980)",F,18395,5168,4017,1975,,1975,8,6,1987
Elgin Baylor,Minneapolis / Los Angeles Lakers (1958-1971),F,23149,11463,3650,,,,11,10,1977
Dave Bing,Detroit Pistons (1966-1975)Washington Bullets (1975-1977)Boston Celtics (1977-1978),G,18327,3420,5397,,,,7,3,1990
Larry Bird,Boston Celtics (1979-1992),F,21791,8974,5695,"(1981, 1984, 1986)","(1984, 1985, 1986)","(1984, 1986)",12,10,1998
Kobe Bryant,Los Angeles Lakers (1996-2016),G,33643,7047,6306,"(2000, 2001, 2002, 2009, 2010)",2008,"(2009, 2010)",18,15,2020
Wilt Chamberlain,Philadelphia / San Francisco Warriors (1959-1965)Philadelphia 76ers (1965-1968)Los Angeles Lakers (1968-1973),C,31419,23924,4643,"(1967, 1972)","(1960, 1966, 1967, 1968)",1972,13,10,1979
Bob Cousy,Boston Celtics (1950-1963)Cincinnati Royals (1969-1970),G,16960,4786,6955,"(1957, 1959, 1960, 1961, 1962, 1963)",1957,,13,12,1971
Dave Cowens,Boston Celtics (1970-1980)Milwaukee Bucks (1982-1983),C,13516,10444,2910,"(1974, 1976)",1973,,7,3,1991
Billy Cunningham,"Philadelphia 76ers (1965-1972, 1974-1976)",F,13626,6638,2625,1967,,,5,4,1986
Stephen Curry,Golden State Warriors (2009-2021),G,18434,3503,4984,"(2015, 2017, 2018,","(2015, 2016)",,7,7,TBD
Anthony Davis,New Orleans Hornets / Pelicans (2012-2019)Los Angeles Lakers (2019-2021),F/C,13463,5769,1292,2020,,,8,4,TBD
Dave DeBusschere,Detroit Pistons (1962-1968)New York Knicks (1968-1974),F,14053,9618,2497,"(1970, 1973)",,,8,1,1983
Clyde Drexler,Portland Trail Blazers (1983-1995)Houston Rockets (1995-1998),G,22195,6677,6125,1995,,,10,5,2004
Tim Duncan,San Antonio Spurs (1997-2016),F/C,26496,15091,4225,"(1999, 2003, 2005, 2007, 2014)","(2002, 2003)","(1999, 2003, 2005)",15,15,2020
Kevin Durant,Seattle SuperSonics / Oklahoma City Thunder (2007-2016)Golden State Warriors (2016-2019)Brooklyn Nets (2020-2021),F,23883,6239,3681,"(2017, 2018)",2014,"(2017, 2018)",11,9,TBD
Julius Erving,Philadelphia 76ers (1976-1987),F,18364,5601,3224,1983,1981,,11,7,1993
Patrick Ewing,New York Knicks (1985-2000)Seattle SuperSonics (2000-2001)Orlando Magic (2001-2002),C,24815,11607,2215,,,,11,7,2008
Walt Frazier,New York Knicks (1967-1977)Cleveland Cavaliers (1977-1980),G,15581,4830,5040,"(1970, 1973)",,,7,6,1987
Kevin Garnett,"Minnesota Timberwolves (1995-2007, 2015-2016)Boston Celtics (2007-2013)Brooklyn Nets (2013-2015)",F/C,26071,14662,5445,2008,2004,,15,9,2020
George Gervin,San Antonio Spurs (1976-1985)Chicago Bulls (1985-1986),G,20708,3607,2214,,,,9,7,1996
Hal Greer,Syracuse Nationals / Philadelphia 76ers (1958-1973),G,21586,5665,4540,1967,,,10,7,1982
James Harden,Oklahoma City Thunder (2009-2012)Houston Rockets (2012-2021)Brooklyn Nets (2021),G,22045,4794,5730,,2018,,9,7,TBD
John Havlicek,Boston Celtics (1962-1978),F/G,26395,8007,6114,"(1963, 1964, 1965, 1966, 1968, 1969, 1974, 1976)",,1974,13,11,1984
Elvin Hayes,"San Diego / Houston Rockets (1968-1972, 1981-1984)Baltimore / Capital / Washington Bullets (1972-1981)",F/C,27313,16279,2398,1978,,,12,6,1990
Allen Iverson,"Philadelphia 76ers (1996-2006, 2009-2010)Denver Nuggets (2006-2008)Detroit Pistons (2008-2009)Memphis Grizzlies (2009)",G,24368,3394,5624,,2001,,11,8,2016
LeBron James,"Cleveland Cavaliers (2003-2010, 2014-2018)Miami Heat (2010-2014)Los Angeles Lakers (2018-2021)",F,35385,9751,9696,"(2012, 2013, 2016, 2020)","(2009, 2010, 2012, 2013)","(2012, 2013, 2016, 2020)",17,17,TBD
Magic Johnson,"Los Angeles Lakers (1979-1991, 1996)",G,17707,6559,10141,"(1980, 1982, 1985, 1987, 1988)","(1987, 1989, 1990)","(1980, 1982, 1987)",12,10,2002
Sam Jones,Boston Celtics (1957-1969),G,15411,4305,2209,"(1959, 1960, 1961, 1962, 1963, 1964, 1965, 1966, 1968, 1969)",,,5,3,1984
Michael Jordan,"Chicago Bulls (1984-1993, 1995-1998)Washington Wizards (2001-2003)",G,32292,6672,5633,"(1991, 1992, 1993, 1996, 1997, 1998)","(1988, 1991, 1992, 1996, 1998)","(1991, 1992, 1993, 1996, 1997, 1998)",14,11,2009
Jason Kidd,"Dallas Mavericks (1994-1996, 2008-2012)Phoenix Suns (1996-2001)New Jersey Nets (2001-2008)New York Knicks (2012-2013)",G,17529,8725,12091,2011,,,10,6,2018
Kawhi Leonard,San Antonio Spurs (2011-2018)Toronto Raptors (2018-2019)Los Angeles Clippers (2019-2021),F,11085,3689,1672,"(2014, 2019)",,"(2014, 2019)",5,5,TBD
Damian Lillard,Portland Trail Blazers (2012-2021),G,16815,2856,4514,,,,6,6,TBD
Jerry Lucas,Cincinnati Royals (1963-1969)San Francisco Warriors (1969-1971)New York Knicks (1971-1974),F,14053,12942,2732,1973,,,7,5,1980
Karl Malone,Utah Jazz (1985-2003)Los Angeles Lakers (2003-2004),F,36928,14968,5248,,"(1997, 1999)",,14,14,2010
Moses Malone,"Buffalo Braves (1976)Houston Rockets (1976-1982)Philadelphia 76ers (1982-1986, 1993-1994)Washington Bullets (1986-1988)Atlanta Hawks (1988-1991)Milwaukee Bucks (1991-1993)San Antonio Spurs (1994-1995)",C,27409,16212,1796,1983,"(1979, 1982, 1983)",1983,12,8,2001
Pete Maravich,Atlanta Hawks (1970-1974)New Orleans / Utah Jazz (1974-1980)Boston Celtics (1980),G,15948,2747,3563,,,,5,4,1987
Bob McAdoo,Buffalo Braves (1972-1976)New York Knicks (1976-1979)Boston Celtics (1979)Detroit Pistons (1979-1981)New Jersey Nets (1981)Los Angeles Lakers (1981-1985)Philadelphia 76ers (1986),F/C,18787,8048,1951,"(1982, 1985)",1975,,5,2,2000
Kevin McHale,Boston Celtics (1980-1993),F,17335,7122,1670,"(1981, 1984, 1986)",,,7,1,1999
George Mikan,"Minneapolis Lakers (1948-1954, 1955-1956)",C,10156,4167,1245,"(1949, 1950, 1952, 1953, 1954)",,,4,6,1959
Reggie Miller,Indiana Pacers (1987-2005),G,25279,4182,4141,,,,5,3,2012
Earl Monroe,Baltimore Bullets (1967-1971)New York Knicks (1971-1980),G,17454,2796,3594,1973,,,4,1,1990
Steve Nash,"Phoenix Suns (1996-1998, 2004-2012) Dallas Mavericks (1999-2004) Los Angeles Lakers (2012-2014)",G,17387,3642,10335,,"(2005, 2006)",,8,7,2018
Dirk Nowitzki,Dallas Mavericks (1999-2019),F,31560,11489,3651,2011,2007,2011,14,12,TBD
Hakeem Olajuwon,Houston Rockets (1984-2001)Toronto Raptors (2001-2002),C,26946,13748,3058,"(1994, 1995)",1994,"(1994, 1995)",12,12,2008
Shaquille O'Neal,Orlando Magic (1992-1996)Los Angeles Lakers (1996-2004)Miami Heat (2004-2008)Phoenix Suns (2008-2009)Cleveland Cavaliers (2009-2010)Boston Celtics (2010-2011),C,28596,13099,3026,"(2000, 2001, 2002, 2006)",2000,"(2000, 2001, 2002)",15,14,2016
Robert Parish,Golden State Warriors (1976-1980)Boston Celtics (1980-1994)Charlotte Hornets (1994-1996)Chicago Bulls (1996-1997),C,23334,14715,2180,"(1981, 1984, 1986, 1997)",,,9,2,2003
Chris Paul,New Orleans Hornets (2005-2011)Los Angeles Clippers (2011-2017)Houston Rockets (2017-2019)Oklahoma City Thunder (2019-2020)Phoenix Suns (2020-2021),G,19978,4923,10275,,,,11,10,TBD
Gary Payton,Seattle SuperSonics (1990-2003)Milwaukee Bucks (2003)Los Angeles Lakers (2003-2004)Boston Celtics (2004-2005)Miami Heat (2005-2007),G,21813,5269,8966,2006,,,9,9,2013
Bob Pettit,Milwaukee / St. Louis Hawks (1954-1965),F,20880,12849,2369,1958,"(1956, 1959)",,11,11,1971
Paul Pierce,Boston Celtics (1999-2013)Brooklyn Nets (2013-2014)Washington Wizards (2014-2015)Los Angeles Clippers (2015-2017),F,26397,7527,4708,2008,,2008,10,4,2021
Scottie Pippen,"Chicago Bulls (1987-1998, 2003-2004)Houston Rockets (1999)Portland Trail Blazers (1999-2003)",F,18940,7494,6135,"(1991, 1992, 1993, 1996, 1997, 1998)",,,7,7,2010
Willis Reed,New York Knicks (1964-1974),C/F,12183,8414,1186,"(1970, 1973)",1970,"(1970, 1973)",7,5,1982
Oscar Robertson,Cincinnati Royals (1960-1970)Milwaukee Bucks (1970-1974),G,26710,7804,9887,1971,1964,,12,11,1980
David Robinson,San Antonio Spurs (1989-2003),C,20790,10497,2441,"(1999, 2003)",1995,,10,10,2009
Dennis Rodman,Detroit Pistons (1986-1993)San Antonio Spurs (1993-1995)Chicago Bulls (1995-1998)Los Angeles Lakers (1999)Dallas Mavericks (2000),F,6683,11954,1600,"(1989, 1990, 1996, 1997, 1998)",,,2,2,2011
Bill Russell,Boston Celtics (1956-1969),C,14522,21620,4100,"(1957, 1959, 1960, 1961, 1962, 1963, 1964, 1965, 1966, 1968, 1969)","(1958, 1961, 1962, 1963, 1965)",,12,11,1975
Dolph Schayes,Syracuse Nationals / Philadelphia 76ers (1949-1964),F,18438,11256,3072,1955,,,12,12,1973
Bill Sharman,Washington Capitols (1950-1951)Boston Celtics (1951-1961),G,12665,2779,2101,"(1957, 1959, 1960, 1961)",,,8,7,1976
John Stockton,Utah Jazz (1984-2003),G,19711,4051,15806,,,,10,11,2009
Isiah Thomas,Detroit Pistons (1981-1994),G,18822,3478,9061,"(1989, 1990)",,1990,12,5,2000
Nate Thurmond,San Francisco / Golden State Warriors (1963-1974)Chicago Bulls (1974-1975)Cleveland Cavaliers (1975-1977),C,14437,14464,2575,,,,7,0,1985
Wes Unseld,Baltimore / Capital / Washington Bullets (1968-1981),C,10624,13769,3822,1978,1969,1978,5,1,1988
Dwyane Wade,"Miami Heat (2003-2016, 2018-2019)Chicago Bulls (2016-2017)Cleveland Cavaliers (2017-2018)",G,23165,4933,5701,"(2006, 2012, 2013)",,2006,13,8,TBD
Bill Walton,"Portland Trail Blazers (1974-1978)San Diego / Los Angeles Clippers (1980,1982-1985)Boston Celtics (1985-1987)",C,6215,4923,1590,"(1977, 1986)",1978,1977,2,2,1993
Jerry West,Los Angeles Lakers (1960-1974),G,25192,5366,6238,1972,,1969,14,12,1980
Russell Westbrook,Oklahoma City Thunder (2008-2019)Houston Rockets (2019-2020)Washington Wizards (2020-2021),G,21857,6961,8061,,2017,,9,9,TBD
Lenny Wilkens,St. Louis Hawks (1960-1968)Seattle SuperSonics (1968-1972)Cleveland Cavaliers (1972-1974)Portland Trail Blazers (1974-1975),G,17772,5030,7211,,,,9,0,1989
Dominique Wilkins,Atlanta Hawks (1982-1994)Los Angeles Clippers (1994)Boston Celtics (1994-1995)San Antonio Spurs (1996-1997)Orlando Magic (1999),F,26668,7169,2677,,,,9,7,2006
James Worthy,Los Angeles Lakers (1982-1994),F,16320,4708,2791,"(1985, 1987, 1988)",,1988,7,2,2003
